arm,bin,y_lo,y_hi,n_gt,n_seeds,AP_mean,AP_std,AP50_mean,AP50_std,AP75_mean,AP75_std,AR_mean,AR_std,AR50_mean,AR50_std,dAP_pp,dAP_p,dAP50_pp,dAP50_p,dAP75_pp,dAP75_p,dAR_pp,dAR_p,dAR50_pp,dAR50_p
A' joint,0,0.0,0.4499,119,3,0.5114017838299846,0.007684067145512071,0.8261074008770777,0.006272124371177186,0.5794905711692372,0.011973746410310172,0.6246498599439776,0.0025976522396346097,0.9299719887955181,0.007922765055311429,2.2343498829380137,0.06873681034512796,-0.30263771163346886,0.6543406172140747,7.708956528540534,0.00906463667611883,2.0728291316526537,0.1940317524040667,-0.2801120448179262,0.6666666666666667
A' joint,1,0.4499,0.6221,359,3,0.5609457585974182,0.006247711112637606,0.8394920791400328,0.007923485419419429,0.677854217922533,0.00812669084855803,0.6419684308263696,0.006748130848878974,0.9090064995357473,0.011447379764102057,1.4191734235204145,0.13884142807890815,0.7508906899191592,0.5272204090054167,2.9917299748228543,0.031611298403536256,0.8077994428969393,0.3594450690120694,-0.09285051067782213,0.9436563830181018
A' joint,2,0.6221,1.0,123,3,0.5215535589078996,0.0014394769973362692,0.8605192106971961,0.003932639047710775,0.585194513190827,0.018301424324199848,0.616260162601626,0.00597436522630044,0.9105691056910569,0.006638183584778252,-0.7160214865918002,0.2939070700145582,0.09232212709620047,0.9482807778858233,0.49714168763348443,0.7284770605106108,-0.43360433604336945,0.7470810090325262,-0.8130081300812941,0.4226497308103725
A' joint-rand,0,0.0,0.4499,119,3,0.5230326071973193,0.0027856004850601037,0.8322607660918031,0.0070566533483766205,0.5764524358264193,0.014630187296693138,0.638095238095238,0.007952419925253973,0.9383753501400559,0.010480833016173469,3.3974322196714812,0.012643878752454735,0.3126988098390737,0.668919748890394,7.40514299425874,0.003957172033530281,3.4173669467786993,0.05723318477745115,0.5602240896358524,0.5285954792089684
A' joint-rand,1,0.4499,0.6221,359,3,0.5554823440637912,0.004514674284812824,0.8293045630954673,0.007291676466119972,0.6690339431043579,0.019918000042312433,0.6429897864438255,0.004232598447554861,0.9071494893221912,0.006948295982867148,0.8728319701577059,0.5425808534687306,-0.2678609145373878,0.8959591235511551,2.10970249300535,0.4160304843216529,0.909935004642537,0.2522786584803245,-0.2785515320334331,0.741801110252843
A' joint-rand,2,0.6221,1.0,123,3,0.5264100061786544,0.0188517289805246,0.8657387998372607,0.028351603663541995,0.568922449089131,0.03213142256143003,0.6203252032520326,0.0099572753771674,0.9295392953929539,0.015330228318407513,-0.2303767595163153,0.9067082186760673,0.61428104110266,0.877240369316937,-1.1300647225361171,0.599652434187443,-0.027100271002711285,0.9791802168036006,1.084010840108407,0.5285954792089684
B2 (COCO),0,0.0,0.4499,119,3,0.48905828500060444,0.004564021910138776,0.8291337779934124,0.009959870459944026,0.5024010058838319,0.01928379119748422,0.603921568627451,0.015741200356556958,0.9327731092436974,1.1102230246251565e-16,0.0,,0.0,,0.0,,0.0,,0.0,
B2 (COCO),1,0.4499,0.6221,359,3,0.5467540243622141,0.013311578931916191,0.8319831722408412,0.020593444898468538,0.6479369181743044,0.013389651958206667,0.6338904363974002,0.006369572102559901,0.9099350046425255,0.009191731603167748,0.0,,0.0,,0.0,,0.0,,0.0,
B2 (COCO),2,0.6221,1.0,123,3,0.5287137737738176,0.0057904339017807015,0.859595989426234,0.021357779351823855,0.5802230963144922,0.007597252245028528,0.6205962059620597,0.010792578727230306,0.9186991869918698,0.013276367169556503,0.0,,0.0,,0.0,,0.0,,0.0,
